club_key,field,corrected_value,reason
1337502249,city,Нижний Тагил,Cyrillic city typed into the legacy database through a mismatched codepage. Recovered by reinterpreting the stored characters as ISO-8859-5; reads Nizhny Tagil for a club recorded in Russia.
1341398741,city,Пловдив,Cyrillic city typed into the legacy database through a mismatched codepage. Recovered by reinterpreting the stored characters as Windows-1251; reads Plovdiv for a club recorded in Bulgaria.
1301172104,city,Днепрдзержинск,"Cyrillic city typed into the legacy database through a mismatched codepage. Recovered by reinterpreting the stored characters as ISO-8859-5; reads Dneprdzerzhinsk for a club recorded in Ukraine and named DnDz Footbag Club, which corroborates it. The legacy value is itself missing a letter against the usual spelling Днепродзержинск, and is recorded here exactly as the legacy database holds it rather than silently respelled; the city has also since been renamed Kamianske, which is an editorial decision and not this recovery's to make."
1118253981,description,"Объединяющая игроков всей станы организация. Проведение соревнований.
Развитие спорта.","Russian club description typed into the legacy database through a mismatched codepage. Recovered by reinterpreting the stored characters as ISO-8859-5, for the Russian Footbag Association in Saint Petersburg. The source's own spelling is kept, including станы where страны would be expected."
1246472708,region,Ontario,"Region recorded as the two-letter postal abbreviation ON for a club in London, Canada. Normalised to the province's canonical name so it groups with the other Ontario clubs instead of forming a section of its own."
1437950879,region,Victoria,"Region recorded as the abbreviation Vic for a club in Brunswick, Australia. Normalised to the state's canonical name so it groups with the other Victoria clubs instead of forming a section of its own."
1751979051,region,Distrito Capital,"Region misspelled Distrito Captal, missing an i, for the canonical Caracas club in Venezuela. Normalised to the spelling the other Venezuelan capital-district clubs carry, so the canonical club stops sitting alone under a misspelled heading."
1215634681,external_url,,"Website field held http://e-mail:, which is a label and a stray colon rather than an address. The Sofia club records no website, and prose in a URL column renders as a dead link."
1263935391,external_url,,"Website field held http://Bienvenidos, the first word of the Spanish welcome that also opens this club's own description, turned into a URL by the extractor. The Arica club records no website."
1520047040,external_url,,"Website field held http://Coming, the first word of the Coming soon text that is also this club's description. The Swiss club records no website."
932895424,external_url,,"Website field held http://-, a single hyphen standing in for an absent value. The Finnish club records no website."
1138120998,external_url,https://www.facebook.com/MANIACSportTeam,"Website field held the address with a second scheme in front of it, http:// followed by the real https:// URL, which the legacy form prepended to a pasted link. The inner address is the club's real page and is kept; only the doubled scheme is removed."
1171927920,external_url,https://m.facebook.com/footbag.medellin,"Website field held the address with a second scheme in front of it, http:// followed by the real https:// URL, which the legacy form prepended to a pasted link. The inner address is the club's real page and is kept; only the doubled scheme is removed."
1472671462,external_url,https://www.facebook.com/groups/shredvan,"Website field held the address with a second scheme in front of it, http:// followed by the real https:// URL, which the legacy form prepended to a pasted link. The inner address is the club's real page and is kept; only the doubled scheme is removed."
1190299395,region,Florida,"Region recorded as the two-letter postal abbreviation Fl, the form the mirror files this Tampa club under. The club is dormant, so the legacy dump carries no row to supply the full name and a re-extract restores the abbreviation. Normalised to the state's canonical name so it groups under Florida rather than under a separate abbreviated heading."
1339680237,region,Florida,"Region recorded as the two-letter postal abbreviation Fl, the form the mirror files this Clearwater club under. The club is dormant, so the legacy dump carries no row to supply the full name and a re-extract restores the abbreviation. Normalised to the state's canonical name so it groups under Florida rather than under a separate abbreviated heading."
1080281398,description,"December 2009 update:
Yes, things are picking up. We've had a few good sessions lately. Welcome to the club.

Email me anytime to set up meetings etc.
Carl

For up to date kicking times/locations, please visit (and join) our listserv.

Subscribe to Cincinnati Footbag: Visit this group (http://groups.google.com/group/cincinnati-footbag)","Description carried a Google Groups subscribe widget as raw HTML: a table, an image, a form with email and submit inputs, and a link. The club page escapes description text rather than rendering it, so the whole block showed as visible markup to every visitor. The prose is kept exactly as written; the widget is reduced to the one part that still means anything as text, its link, in the text (url) form this seed already uses elsewhere. The subscribe form itself cannot be preserved, because a form has no meaning outside rendered HTML."
1236288823,description,"Hi all the footbaggers out there.

Swirl Pool, Footbag Lucerne was established in Spring 2009 but has been working with many years with the T.F.H.S. Footbag Club in Wolhusen (LU). Some members are quite experienced (over 4 years) and toghether the members of Swirl Pool they wanna aim high. It's all about pushing the sport of Footbag. Note, Swirl Pool is a Freestyle Club only. The club however welcomes Net players as well.

Historic and beautiful Luzern is definitely worth visiting. It is in fact one of the top visited places in Switzerland (learn more about Tourism in Lucerne here (http://www.luzern.org/de/welcome.cfm?)). If you plan to stay in Switzerland, don't miss to visit the famous town of Lucerne and to have a session with the local players.","Description was written in HTML paragraphs with one inline link, and the club page escapes description text rather than rendering it, so the tags showed as visible markup to every visitor. Paragraphs become blank lines and the link becomes the text (url) form this seed already uses elsewhere. The author's own wording and spelling are kept unchanged, including toghether and has been working with many years, because only the markup is damage."
1049702495,description,"<<<<<<<<<<<<<<<LeGo FoOtBaG Club>>>>>>>>>>>>>>>>>

Klub działa prężnie,trenujemy prężnie,ale wyniki narazie sa średnie:))Wolny
styl, niedługo siateczka i wszystko bedzie bardzo dobrze.Nasz klubik stara
sie rozpropagowywać ten świetny sport wszędzie gdzie sie da.Wielkie dzieki za
pomoc dla Tomistyki i Batalionu bez nich nie bylo by LFC.....PEACE

                  <<<<<<<<NIECH ZOŚKA BĘDZIE Z WAMI>>>>>>>>>>","Polish description in which every diacritic the author typed had been replaced by a literal question mark, leaving the text as gibberish on a public club page. Each question mark is restored to the one letter its word admits: działa, prężnie, średnie, niedługo, rozpropagowywać, świetny, wszędzie, and ZOŚKA BĘDZIE in the closing banner, zośka being the Polish for footbag, so the line reads may the footbag be with you. Nothing else is touched: the words the author typed without diacritics in the first place, sa, bedzie, sie, dzieki and bylo, are left exactly as written, because supplying those would be rewriting the author rather than repairing damage, and the angle-bracket banners are the club's own styling rather than markup. This class of damage cannot be repaired by any general rule, because a question mark records nothing about the letter it replaced, which is why it is corrected per row here."
960930150,description,"A quickly developing footbag club in Gyor. So far we only play freestyle and
4 square.

Currently we have 3 serious shredders.

Sunshred Footbag Club members have attended (competed and/or judged) several
footbag events in Hungary, Austria, Czech Republic, Germany and Croatia.","Description used unclosed HTML paragraph tags as line separators, and the club page escapes description text rather than rendering it, so each tag showed as visible markup to every visitor. Each becomes a blank line; the author's own line wrapping is otherwise untouched."
